-- CREATE TYPE event_status_enum AS ENUM ('FINISHED', 'CONFIRMED', 'CANCELLED', 'IN_PLANNING', 'READY');

-- Table: users
CREATE TABLE users
(
    id_user              serial       NOT NULL,
    email                varchar(100) NOT NULL,
    hashed_password      varchar(300) NOT NULL,
    created_at           timestamp    NOT NULL,
    modified_at          timestamp    NOT NULL,
    deleted_at           timestamp    NULL,
    blocked_at           timestamp    NULL,
    is_active            boolean      NOT NULL,
    user_type            char         NOT NULL,
    reset_password_token varchar(400) NULL,
    CONSTRAINT users_pk PRIMARY KEY (id_user)
);

-- tables
-- Table: address
CREATE TABLE address
(
    id_address    serial      NOT NULL,
    country       varchar(30) NOT NULL,
    street_name   varchar(50) NOT NULL,
    street_number int         NOT NULL,
    zip_code      varchar(10) NOT NULL,
    city          varchar(30) NOT NULL,
    created_at    timestamp   NOT NULL,
    modified_at   timestamp   NOT NULL,
    deleted_at    timestamp   NULL,
    CONSTRAINT address_pk PRIMARY KEY (id_address)
);

-- Table: admin
CREATE TABLE admin
(
    id_admin_user int         NOT NULL,
    access        varchar(50) NOT NULL,
    CONSTRAINT admin_pk PRIMARY KEY (id_admin_user)
);

-- Table: business
CREATE TABLE business
(
    id_business_user    int         NOT NULL,
    first_name          varchar(30) NOT NULL,
    last_name           varchar(40) NOT NULL,
    business_name       varchar(40) NULL,
    phone_number        bigint      NOT NULL,
    verification_status varchar(30) NOT NULL,
    id_business_address int         NOT NULL,
    CONSTRAINT business_pk PRIMARY KEY (id_business_user)
);

-- Table: business_app_problem
CREATE TABLE app_problem
(
    id_app_problem serial       NOT NULL,
    created_at     timestamp    NOT NULL,
    concern        varchar(100) NOT NULL,
    description    varchar(500) NOT NULL,
    id_user        int          NOT NULL,
    CONSTRAINT app_problem_pk PRIMARY KEY (id_app_problem)
);

-- Table: catering
CREATE TABLE catering
(
    id_catering         serial        NOT NULL,
    name                varchar(100)  NOT NULL,
    email               varchar(100)  NOT NULL,
    phone_number        bigint        NOT NULL,
    service_cost        decimal(8, 2) NULL,
    description         varchar(500)  NULL,
    created_at          timestamp     NOT NULL,
    modified_at         timestamp     NOT NULL,
    deleted_at          timestamp     NULL,
    id_business         int           NOT NULL,
    id_catering_address int           NOT NULL,
    CONSTRAINT catering_pk PRIMARY KEY (id_catering)
);

-- Table: catering_image
CREATE TABLE catering_image
(
    id_image    serial       NOT NULL,
    image       bytea        NOT NULL,
    name        varchar(100) NOT NULL,
    is_main     bool         NOT NULL,
    id_catering int          NOT NULL,
    CONSTRAINT catering_image_pk PRIMARY KEY (id_image)
);

-- Table: catering_item
CREATE TABLE catering_item
(
    id_catering_item serial        NOT NULL,
    name             varchar(50)   NOT NULL,
    type             varchar(10)   NOT NULL,
    description      varchar(200)  NULL,
    serving_price    decimal(6, 2) NOT NULL,
    created_at       timestamp     NOT NULL,
    modified_at      timestamp     NOT NULL,
    is_vegan         boolean       NOT NULL,
    is_vegetarian    boolean       NOT NULL,
    is_gluten_free   boolean       NOT NULL,
    id_catering      int           NOT NULL,
    CONSTRAINT catering_item_pk PRIMARY KEY (id_catering_item)
);

-- Table: catering_location
CREATE TABLE catering_location
(
    id_catering int NOT NULL,
    id_location int NOT NULL,
    CONSTRAINT catering_location_pk PRIMARY KEY (id_catering, id_location)
);

-- Table: catering_review
CREATE TABLE catering_review
(
    id_catering_review serial       NOT NULL,
    title              varchar(100) NOT NULL,
    comment            varchar(300) NOT NULL,
    created_at         timestamp    NOT NULL,
    id_catering        int          NOT NULL,
    star_rating        int          NOT NULL,
    id_customer        int          NOT NULL,
    CONSTRAINT catering_review_pk PRIMARY KEY (id_catering_review)
);

-- Table: customer
CREATE TABLE customer
(
    id_customer_user int         NOT NULL,
    first_name       varchar(30) NOT NULL,
    last_name        varchar(40) NOT NULL,
    birthdate        date        NOT NULL,
    phone_number     bigint      NOT NULL,
    CONSTRAINT customer_pk PRIMARY KEY (id_customer_user)
);

-- Table: description_item
CREATE TABLE description_item
(
    name        varchar(40)  NOT NULL,
    description varchar(100) NULL,
    CONSTRAINT description_item_pk PRIMARY KEY (name)
);

-- Table: event_type
CREATE TABLE event_type
(
    id_event_type serial      NOT NULL,
    type          varchar(30) NOT NULL,
    CONSTRAINT event_type_pk PRIMARY KEY (id_event_type)
);

create unique index event_type_type_uindex
    on event_type (type);

-- Table: guest
CREATE TABLE guest
(
    id_guest    serial       NOT NULL,
    first_name  varchar(30)  NOT NULL,
    last_name   varchar(40)  NOT NULL,
    email       varchar(100) NOT NULL,
    created_at  timestamp    NOT NULL,
    modified_at timestamp    NOT NULL,
    id_customer int          NOT NULL,
    CONSTRAINT guest_pk PRIMARY KEY (id_guest)
);

-- Table: location
CREATE TABLE location
(
    id_location         serial        NOT NULL,
    name                varchar(50)   NOT NULL,
    email               varchar(100)  NOT NULL,
    phone_number        bigint        NOT NULL,
    seating_capacity    int           NOT NULL,
    standing_capacity   int           NOT NULL,
    description         varchar(300)  NULL,
    daily_rent_cost     decimal(8, 2) NOT NULL,
    size_in_sq_meters   int           NULL,
    created_at          timestamp     NOT NULL,
    modified_at         timestamp     NOT NULL,
    deleted_at          timestamp     NULL,
    id_business         int           NOT NULL,
    id_location_address int           NOT NULL,
    CONSTRAINT location_pk PRIMARY KEY (id_location)
);

-- Table: location_description
CREATE TABLE location_description
(
    id_location int         NOT NULL,
    name        varchar(40) NOT NULL,
    CONSTRAINT location_description_pk PRIMARY KEY (id_location, name)
);

-- Table: location_for_event
CREATE TABLE location_for_event
(
    id_location_for_event serial  NOT NULL,
    time_from             time    NOT NULL,
    time_to               time    NULL,
    guests                int     NOT null,
    confirmation_status   varchar NOT null,
    id_organized_event    int     NOT NULL,
    id_location           int     NOT NULL,
    CONSTRAINT location_for_event_pk PRIMARY KEY (id_location_for_event)
);

-- Table: location_image
CREATE TABLE location_image
(
    id_image    serial       NOT NULL,
    image       bytea        NOT NULL,
    name        varchar(100) NOT NULL,
    is_main     bool         NOT NULL,
    id_location int          NOT NULL,
    CONSTRAINT location_image_pk PRIMARY KEY (id_image)
);

-- Table: location_review
CREATE TABLE location_review
(
    id_location_review serial       NOT NULL,
    title              varchar(100) NOT NULL,
    comment            varchar(300) NOT NULL,
    star_rating        int          NOT NULL,
    created_at         timestamp    NOT NULL,
    id_location        int          NOT NULL,
    id_customer        int          NOT NULL,
    CONSTRAINT location_review_pk PRIMARY KEY (id_location_review)
);

-- Table: optional_service
CREATE TABLE optional_service
(
    id_optional_service serial        NOT NULL,
    "alias"             varchar(50)   NULL,
    type                varchar(50)   NOT NULL,
    email               varchar(100)  NOT NULL,
    description         varchar(300)  NOT NULL,
    service_cost        decimal(8, 2) NOT NULL,
    created_at          timestamp     NOT NULL,
    modified_at         timestamp     NOT NULL,
    kids_performer_type varchar(40)   NULL,
    age_from            int           NULL,
    age_to              int           NULL,
    people_count        int           NULL,
    instrument          varchar(40)   NULL,
    deleted_at          timestamp     NULL,
    id_business         int           NOT NULL,
    CONSTRAINT optional_service_pk PRIMARY KEY (id_optional_service)
);

-- Table: service_translator_language
CREATE TABLE service_translator_language
(
    id_optional_service int NOT NULL,
    id_language         int NOT NULL,
    CONSTRAINT service_translator_language_pk PRIMARY KEY (id_optional_service, id_language)
);

-- Table: translation_language
CREATE TABLE translation_language
(
    id_language serial      NOT NULL,
    name        varchar(40) NOT NULL,
    CONSTRAINT translation_language_pk PRIMARY KEY (id_language)
);

-- Table: music_style
CREATE TABLE music_style
(
    id_music_style serial      NOT NULL,
    name           varchar(40) NOT NULL,
    CONSTRAINT music_style_pk PRIMARY KEY (id_music_style)
);

-- Table: service_music_style
CREATE TABLE service_music_style
(
    id_optional_service int NOT NULL,
    id_music_style      int NOT NULL,
    CONSTRAINT service_music_style_pk PRIMARY KEY (id_optional_service, id_music_style)
);

-- Table: optional_service_image
CREATE TABLE optional_service_image
(
    id_image            serial       NOT NULL,
    image               bytea        NOT NULL,
    name                varchar(100) NOT NULL,
    is_main             bool         NOT NULL,
    id_optional_service int          NOT NULL,
    CONSTRAINT optional_service_image_pk PRIMARY KEY (id_image)
);

-- Table: organized_event
CREATE TABLE organized_event
(
    id_organized_event serial      NOT NULL,
    name               varchar(50) NOT NULL,
    event_date         date        NOT NULL,
    start_time         time        NOT NULL,
    end_time           time        NOT NULL,
    event_status       varchar(30) NOT NULL,
    guest_count        int         NOT NULL,
    created_at         timestamp   NOT NULL,
    modified_at        timestamp   NOT NULL,
    deleted_at         timestamp   NULL,
    id_event_type      int         NOT NULL,
    id_customer        int         NOT NULL,
    CONSTRAINT organized_event_pk PRIMARY KEY (id_organized_event)
);

-- Table: organized_event_guest
CREATE TABLE event_guest
(
    id_guest           int NOT NULL,
    id_organized_event int NOT NULL,
    CONSTRAINT event_guest_pk PRIMARY KEY (id_guest, id_organized_event)
);

-- Table: service_for_event
CREATE TABLE service_for_event
(
    id_chosen_service_for_event serial       NOT NULL,
    time_from                   timestamp    NOT NULL,
    time_to                     timestamp    NOT NULL,
    comment                     varchar(200) NOT NULL,
    id_optional_service         int          NOT NULL,
    id_location_for_event       int          NOT NULL,
    CONSTRAINT service_for_event_pk PRIMARY KEY (id_chosen_service_for_event)
);

alter table service_for_event
    add confirmation_status varchar(30) default 'CONFIRMED';


-- Table: service_review
CREATE TABLE service_review
(
    id_service_review   serial       NOT NULL,
    title               varchar(100) NOT NULL,
    comment             varchar(300) NOT NULL,
    star_rating         int          NOT NULL,
    created_at          timestamp    NOT NULL,
    id_optional_service int          NOT NULL,
    id_customer         int          NOT NULL,
    CONSTRAINT service_review_pk PRIMARY KEY (id_service_review)
);

-- Table: catering_for_chosen_location
CREATE TABLE catering_for_chosen_location
(
    id_catering_for_chosen_location serial       NOT NULL,
    order_time                      time         NOT NULL,
    order_date                      date         NOT NULL,
    comment                         varchar(300) NOT NULL,
    confirmation_status             varchar(30)  NOT NULL,
    id_catering                     int          NOT NULL,
    id_location_for_event           int          NOT NULL,
    CONSTRAINT catering_for_chosen_location_pk PRIMARY KEY (id_catering_for_chosen_location)
);

-- Table: catering_order_choice
CREATE TABLE catering_order_choice
(
    id_catering_item                serial NOT NULL,
    count                           int    NOT NULL,
    id_catering_for_chosen_location int    NOT NULL,
    CONSTRAINT catering_order_choice_pk PRIMARY KEY (id_catering_item)
);

create table location_business_hours
(

    id_business_hours serial      NOT NULL,
    day               varchar(20) NOT NULL,
    time_from         time        NOT NULL,
    time_to           time        NOT NULL,
    id_location       int         NULL,
    CONSTRAINT location_business_hours_pk PRIMARY KEY (id_business_hours)
);

create table catering_business_hours
(

    id_business_hours serial      NOT NULL,
    day               varchar(20) NOT NULL,
    time_from         time        NOT NULL,
    time_to           time        NOT NULL,
    id_catering       int         NULL,
    CONSTRAINT catering_business_hours_pk PRIMARY KEY (id_business_hours)
);

create table optional_service_business_hours
(

    id_business_hours   serial      NOT NULL,
    day                 varchar(20) NOT NULL,
    time_from           time        NOT NULL,
    time_to             time        NOT NULL,
    id_optional_service int         NULL,
    CONSTRAINT optional_service_business_hours_pk PRIMARY KEY (id_business_hours)
);


--REFERENCES
ALTER TABLE catering_for_chosen_location
    ADD CONSTRAINT catering_for_chosen_location_location_for_event
        FOREIGN KEY (id_location_for_event)
            REFERENCES location_for_event (id_location_for_event)
            NOT DEFERRABLE
                INITIALLY IMMEDIATE
;

-- Reference: catering_order_catering (table: catering_for_chosen_location)
ALTER TABLE catering_for_chosen_location
    ADD CONSTRAINT catering_order_catering
        FOREIGN KEY (id_catering)
            REFERENCES catering (id_catering)
            NOT DEFERRABLE
                INITIALLY IMMEDIATE
;

-- Reference: catering_order_choice_catering_for_chosen_location (table: catering_order_choice)
ALTER TABLE catering_order_choice
    ADD CONSTRAINT catering_order_choice_catering_for_chosen_location
        FOREIGN KEY (id_catering_for_chosen_location)
            REFERENCES catering_for_chosen_location (id_catering_for_chosen_location)
            NOT DEFERRABLE
                INITIALLY IMMEDIATE
;

-- Reference: catering_order_choice_catering_item (table: catering_order_choice)
ALTER TABLE catering_order_choice
    ADD CONSTRAINT catering_order_choice_catering_item
        FOREIGN KEY (id_catering_item)
            REFERENCES catering_item (id_catering_item)
            NOT DEFERRABLE
                INITIALLY IMMEDIATE
;


-- foreign keys
-- Reference: admin_user (table: admin)
ALTER TABLE admin
    ADD CONSTRAINT admin_user
        FOREIGN KEY (id_admin_user)
            REFERENCES users (id_user)
            NOT DEFERRABLE
                INITIALLY IMMEDIATE
;

-- Reference: business_address (table: business)
ALTER TABLE business
    ADD CONSTRAINT business_address
        FOREIGN KEY (id_business_address)
            REFERENCES address (id_address)
            NOT DEFERRABLE
                INITIALLY IMMEDIATE
;


-- Reference: business_user (table: business)
ALTER TABLE business
    ADD CONSTRAINT business_user
        FOREIGN KEY (id_business_user)
            REFERENCES users (id_user)
            NOT DEFERRABLE
                INITIALLY IMMEDIATE
;

-- Reference: catering_address (table: catering)
ALTER TABLE catering
    ADD CONSTRAINT catering_address
        FOREIGN KEY (id_catering_address)
            REFERENCES address (id_address)
            ON DELETE CASCADE
            ON UPDATE CASCADE
            NOT DEFERRABLE
                INITIALLY IMMEDIATE
;

-- Reference: catering_business (table: catering)
ALTER TABLE catering
    ADD CONSTRAINT catering_business
        FOREIGN KEY (id_business)
            REFERENCES business (id_business_user)
            NOT DEFERRABLE
                INITIALLY IMMEDIATE
;

-- Reference: catering_for_location_catering (table: catering_location)
ALTER TABLE catering_location
    ADD CONSTRAINT catering_for_location_catering
        FOREIGN KEY (id_catering)
            REFERENCES catering (id_catering)
            NOT DEFERRABLE
                INITIALLY IMMEDIATE
;

-- Reference: catering_image_catering (table: catering_image)
ALTER TABLE catering_image
    ADD CONSTRAINT catering_image_catering
        FOREIGN KEY (id_catering)
            REFERENCES catering (id_catering)
            NOT DEFERRABLE
                INITIALLY IMMEDIATE
;

-- Reference: catering_item_catering (table: catering_item)
ALTER TABLE catering_item
    ADD CONSTRAINT catering_item_catering
        FOREIGN KEY (id_catering)
            REFERENCES catering (id_catering)
            NOT DEFERRABLE
                INITIALLY IMMEDIATE
;

-- Reference: catering_location_location (table: catering_location)
ALTER TABLE catering_location
    ADD CONSTRAINT catering_location_location
        FOREIGN KEY (id_location)
            REFERENCES location (id_location)
            NOT DEFERRABLE
                INITIALLY IMMEDIATE
;

-- Reference: catering_review_catering (table: catering_review)
ALTER TABLE catering_review
    ADD CONSTRAINT catering_review_catering
        FOREIGN KEY (id_catering)
            REFERENCES catering (id_catering)
            NOT DEFERRABLE
                INITIALLY IMMEDIATE
;

-- Reference: catering_review_customer (table: catering_review)
ALTER TABLE catering_review
    ADD CONSTRAINT catering_review_customer
        FOREIGN KEY (id_customer)
            REFERENCES customer (id_customer_user)
            NOT DEFERRABLE
                INITIALLY IMMEDIATE
;

-- Reference: customer_user (table: customer)
ALTER TABLE customer
    ADD CONSTRAINT customer_user
        FOREIGN KEY (id_customer_user)
            REFERENCES users (id_user)
            NOT DEFERRABLE
                INITIALLY IMMEDIATE
;

-- Reference: guest_customer (table: guest)
ALTER TABLE guest
    ADD CONSTRAINT guest_customer
        FOREIGN KEY (id_customer)
            REFERENCES customer (id_customer_user)
            NOT DEFERRABLE
                INITIALLY IMMEDIATE
;

-- Reference: location_address (table: location)
ALTER TABLE location
    ADD CONSTRAINT location_address
        FOREIGN KEY (id_location_address)
            REFERENCES address (id_address)
            NOT DEFERRABLE
                INITIALLY IMMEDIATE
;

-- Reference: location_business (table: location)
ALTER TABLE location
    ADD CONSTRAINT location_business
        FOREIGN KEY (id_business)
            REFERENCES business (id_business_user)
            NOT DEFERRABLE
                INITIALLY IMMEDIATE
;

-- Reference: location_description_description_item (table: location_description)
ALTER TABLE location_description
    ADD CONSTRAINT location_description_description_item
        FOREIGN KEY (name)
            REFERENCES description_item (name)
            NOT DEFERRABLE
                INITIALLY IMMEDIATE
;

-- Reference: location_description_location (table: location_description)
ALTER TABLE location_description
    ADD CONSTRAINT location_description_location
        FOREIGN KEY (id_location)
            REFERENCES location (id_location)
            NOT DEFERRABLE
                INITIALLY IMMEDIATE
;

-- Reference: location_for_event_location (table: location_for_event)
ALTER TABLE location_for_event
    ADD CONSTRAINT location_for_event_location
        FOREIGN KEY (id_location)
            REFERENCES location (id_location)
            NOT DEFERRABLE
                INITIALLY IMMEDIATE
;

-- Reference: location_for_event_organized_event (table: location_for_event)
ALTER TABLE location_for_event
    ADD CONSTRAINT location_for_event_organized_event
        FOREIGN KEY (id_organized_event)
            REFERENCES organized_event (id_organized_event)
            NOT DEFERRABLE
                INITIALLY IMMEDIATE
;


-- Reference: location_image_location (table: location_image)
ALTER TABLE location_image
    ADD CONSTRAINT location_image_location
        FOREIGN KEY (id_location)
            REFERENCES location (id_location)
            NOT DEFERRABLE
                INITIALLY IMMEDIATE
;

-- Reference: location_review_customer (table: location_review)
ALTER TABLE location_review
    ADD CONSTRAINT location_review_customer
        FOREIGN KEY (id_customer)
            REFERENCES customer (id_customer_user)
            NOT DEFERRABLE
                INITIALLY IMMEDIATE
;

-- Reference: location_review_location (table: location_review)
ALTER TABLE location_review
    ADD CONSTRAINT location_review_location
        FOREIGN KEY (id_location)
            REFERENCES location (id_location)
            NOT DEFERRABLE
                INITIALLY IMMEDIATE
;

-- Reference: optional_service_business (table: optional_service)
ALTER TABLE optional_service
    ADD CONSTRAINT optional_service_business
        FOREIGN KEY (id_business)
            REFERENCES business (id_business_user)
            NOT DEFERRABLE
                INITIALLY IMMEDIATE
;

-- Reference: optional_service_image_optional_service (table: optional_service_image)
ALTER TABLE optional_service_image
    ADD CONSTRAINT optional_service_image_optional_service
        FOREIGN KEY (id_optional_service)
            REFERENCES optional_service (id_optional_service)
            NOT DEFERRABLE
                INITIALLY IMMEDIATE
;

-- Reference: organized_event_customer (table: organized_event)
ALTER TABLE organized_event
    ADD CONSTRAINT organized_event_customer
        FOREIGN KEY (id_customer)
            REFERENCES customer (id_customer_user)
            NOT DEFERRABLE
                INITIALLY IMMEDIATE
;

-- Reference: organized_event_event_type (table: organized_event)
ALTER TABLE organized_event
    ADD CONSTRAINT organized_event_event_type
        FOREIGN KEY (id_event_type)
            REFERENCES event_type (id_event_type)
            NOT DEFERRABLE
                INITIALLY IMMEDIATE
;

ALTER TABLE event_guest
    ADD CONSTRAINT event_guest_guest
        FOREIGN KEY (id_guest)
            REFERENCES guest (id_guest)
            NOT DEFERRABLE
                INITIALLY IMMEDIATE
;

ALTER TABLE event_guest
    ADD CONSTRAINT event_event_guest
        FOREIGN KEY (id_organized_event)
            REFERENCES organized_event (id_organized_event)
            NOT DEFERRABLE
                INITIALLY IMMEDIATE
;

-- Reference: service_for_event_location_for_event (table: service_for_event)
ALTER TABLE service_for_event
    ADD CONSTRAINT service_for_event_location_for_event
        FOREIGN KEY (id_location_for_event)
            REFERENCES location_for_event (id_location_for_event)
            NOT DEFERRABLE
                INITIALLY IMMEDIATE
;

-- Reference: service_for_event_optional_service (table: service_for_event)
ALTER TABLE service_for_event
    ADD CONSTRAINT service_for_event_optional_service
        FOREIGN KEY (id_optional_service)
            REFERENCES optional_service (id_optional_service)
            NOT DEFERRABLE
                INITIALLY IMMEDIATE
;

-- Reference: service_review_customer (table: service_review)
ALTER TABLE service_review
    ADD CONSTRAINT service_review_customer
        FOREIGN KEY (id_customer)
            REFERENCES customer (id_customer_user)
            NOT DEFERRABLE
                INITIALLY IMMEDIATE
;

-- Reference: service_review_optional_service (table: service_review)
ALTER TABLE service_review
    ADD CONSTRAINT service_review_optional_service
        FOREIGN KEY (id_optional_service)
            REFERENCES optional_service (id_optional_service)
            NOT DEFERRABLE
                INITIALLY IMMEDIATE
;

ALTER TABLE location_business_hours
    ADD CONSTRAINT location_location_business_hours
        FOREIGN KEY (id_location)
            REFERENCES location (id_location)
            NOT DEFERRABLE
                INITIALLY IMMEDIATE
;

ALTER TABLE catering_business_hours
    ADD CONSTRAINT catering_catering_business_hours
        FOREIGN KEY (id_catering)
            REFERENCES catering (id_catering)
            NOT DEFERRABLE
                INITIALLY IMMEDIATE
;

ALTER TABLE optional_service_business_hours
    ADD CONSTRAINT optional_service_optional_service_business_hours
        FOREIGN KEY (id_optional_service)
            REFERENCES optional_service (id_optional_service)
            NOT DEFERRABLE
                INITIALLY IMMEDIATE
;

-- Reference: service_translator_language_optional_service (table: service_translator_language)
ALTER TABLE service_translator_language
    ADD CONSTRAINT service_translator_language_optional_service
        FOREIGN KEY (id_optional_service)
            REFERENCES optional_service (id_optional_service)
            NOT DEFERRABLE
                INITIALLY IMMEDIATE
;

-- Reference: service_translator_language_translation_language (table: service_translator_language)
ALTER TABLE service_translator_language
    ADD CONSTRAINT service_translator_language_translation_language
        FOREIGN KEY (id_language)
            REFERENCES translation_language (id_language)
            NOT DEFERRABLE
                INITIALLY IMMEDIATE
;

-- Reference: service_music_style_music_style (table: service_music_style)
ALTER TABLE service_music_style
    ADD CONSTRAINT service_music_style_music_style
        FOREIGN KEY (id_music_style)
            REFERENCES music_style (id_music_style)
            NOT DEFERRABLE
                INITIALLY IMMEDIATE
;

-- Reference: service_translator_language_optional_service (table: service_music_style)
ALTER TABLE service_music_style
    ADD CONSTRAINT service_translator_language_optional_service
        FOREIGN KEY (id_optional_service)
            REFERENCES optional_service (id_optional_service)
            NOT DEFERRABLE
                INITIALLY IMMEDIATE
;

-- End of file.
alter table catering
    add rating decimal default 0 not null;

alter table location
    add rating decimal default 0 not null;

alter table optional_service
    add rating decimal default 0 not null;

insert into address(country, city, street_name, street_number, zip_code, created_at, modified_at, deleted_at)
VALUES ('Poland', 'Warsaw', 'Street 1', 1, '123456', (select current_timestamp), (select current_timestamp), null),
       ('Poland', 'Warsaw', 'Street 2', 1, '123456', (select current_timestamp), (select current_timestamp), null),
       ('Poland', 'Warsaw', 'Street 3', 1, '123456', (select current_timestamp), (select current_timestamp), null),
       ('Poland', 'Warsaw', 'Street 4', 1, '123456', (select current_timestamp), (select current_timestamp), null),
       ('Poland', 'Warsaw', 'Street 5', 1, '123456', (select current_timestamp), (select current_timestamp), null),
       ('Poland', 'Warsaw', 'Street 6', 1, '123456', (select current_timestamp), (select current_timestamp), null),
       ('Poland', 'Warsaw', 'Street 7', 1, '123456', (select current_timestamp), (select current_timestamp), null),
       ('Poland', 'Warsaw', 'Street 8', 1, '123456', (select current_timestamp), (select current_timestamp), null),
       ('Poland', 'Warsaw', 'Street 9', 1, '123456', (select current_timestamp), (select current_timestamp), null),
       ('Poland', 'Warsaw', 'Street 10', 1, '123456', (select current_timestamp), (select current_timestamp), null),
       ('Poland', 'Warsaw', 'Street 11', 1, '123456', (select current_timestamp), (select current_timestamp), null),
       ('Poland', 'Warsaw', 'Street 12', 1, '123456', (select current_timestamp), (select current_timestamp), null),
       ('Poland', 'Warsaw', 'Street 13', 1, '123456', (select current_timestamp), (select current_timestamp), null),
       ('Poland', 'Warsaw', 'Street 14', 1, '123456', (select current_timestamp), (select current_timestamp), null),
       ('Poland', 'Warsaw', 'Street 15', 1, '123456', (select current_timestamp), (select current_timestamp), null),
       ('Poland', 'Warsaw', 'Street 16', 1, '123456', (select current_timestamp), (select current_timestamp), null),
       ('Poland', 'Warsaw', 'Street 17', 1, '123456', (select current_timestamp), (select current_timestamp), null),
       ('Poland', 'Warsaw', 'Street 18', 1, '123456', (select current_timestamp), (select current_timestamp), null),
       ('Poland', 'Warsaw', 'Street 19', 1, '123456', (select current_timestamp), (select current_timestamp), null),
       ('Poland', 'Warsaw', 'Street 20', 1, '123456', (select current_timestamp), (select current_timestamp), null);



INSERT into users (email, hashed_password, user_type, created_at, modified_at, deleted_at, blocked_at, is_active)
VALUES ('admin@gmail.com', '$2y$12$CYhR7h46nkRx/tfFJn094eOKmWdMd1KEC.cyKcmLJNG76GxOTa/3G', 'A',
        (select current_timestamp), (select current_timestamp), null, null, true),
       ('business@email.com', '$2y$13$FB2Bur0wo.kd6G7.d8Tfne.iVpBE1OAi4FPrCUHrbZJj/2uVikofK', 'B',
        (select current_timestamp), (select current_timestamp), null, null, true),
       ('business3@email.com', '$2y$13$FB2Bur0wo.kd6G7.d8Tfne.iVpBE1OAi4FPrCUHrbZJj/2uVikofK', 'B',
        (select current_timestamp), (select current_timestamp), null, null, true),
       ('business4@email.com', '$2y$13$FB2Bur0wo.kd6G7.d8Tfne.iVpBE1OAi4FPrCUHrbZJj/2uVikofK', 'B',
        (select current_timestamp), (select current_timestamp), null, null, true),
       ('business5@email.com', '$2y$13$FB2Bur0wo.kd6G7.d8Tfne.iVpBE1OAi4FPrCUHrbZJj/2uVikofK', 'B',
        (select current_timestamp), (select current_timestamp), null, null, true),
       ('business6@email.com', '$2y$13$FB2Bur0wo.kd6G7.d8Tfne.iVpBE1OAi4FPrCUHrbZJj/2uVikofK', 'B',
        (select current_timestamp), (select current_timestamp), null, null, true),
       ('business7@email.com', '$2y$13$FB2Bur0wo.kd6G7.d8Tfne.iVpBE1OAi4FPrCUHrbZJj/2uVikofK', 'B',
        (select current_timestamp), (select current_timestamp), null, null, true),
       ('business8@email.com', '$2y$13$FB2Bur0wo.kd6G7.d8Tfne.iVpBE1OAi4FPrCUHrbZJj/2uVikofK', 'B',
        (select current_timestamp), (select current_timestamp), null, null, true),
       ('customer1@email.com', '$2y$12$xCfIcKwTBTLrhv6XLIDMKuvnYJkWJajqdodBEh5SJqFaHdS6RZUyC', 'C',
        (select current_timestamp), (select current_timestamp), null, null, true),
       ('customer2@email.com', '$2y$12$xCfIcKwTBTLrhv6XLIDMKuvnYJkWJajqdodBEh5SJqFaHdS6RZUyC', 'C',
        (select current_timestamp), (select current_timestamp), null, null, true),
       ('customer3@email.com', '$2y$12$xCfIcKwTBTLrhv6XLIDMKuvnYJkWJajqdodBEh5SJqFaHdS6RZUyC', 'C',
        (select current_timestamp), (select current_timestamp), null, null, true),
       ('customer4@email.com', '$2y$12$xCfIcKwTBTLrhv6XLIDMKuvnYJkWJajqdodBEh5SJqFaHdS6RZUyC', 'C',
        (select current_timestamp), (select current_timestamp), null, null, true),
       ('customer5@email.com', '$2y$12$xCfIcKwTBTLrhv6XLIDMKuvnYJkWJajqdodBEh5SJqFaHdS6RZUyC', 'C',
        (select current_timestamp), (select current_timestamp), null, null, true);



INSERT INTO admin (id_admin_user, access)
VALUES (1, 'FULL');


insert into business (id_business_user, first_name, last_name, business_name, phone_number,
                      verification_status, id_business_address)
values (2, 'firstName', 'lastName', 'businessName1', 123456789, 'NOT_VERIFIED', 1),
       (3, 'firstName3', 'lastName3', 'businessName3', 123456789, 'VERIFIED', 2),
       (4, 'firstName4', 'lastName4', 'businessName4', 123456789, 'VERIFIED', 3),
       (5, 'firstName5', 'lastName5', 'businessName5', 123456789, 'NOT_VERIFIED', 4),
       (6, 'firstName6', 'lastName6', 'businessName6', 123456789, 'VERIFICATION_PENDING', 5),
       (7, 'firstName7', 'lastName7', 'businessName7', 123456789, 'VERIFIED', 6),
       (8, 'firstName9', 'lastName8', 'businessName8', 12345678, 'NOT_VERIFIED', 7);



insert into catering(name, email, phone_number, service_cost, description, id_business, id_catering_address, created_at,
                     modified_at, deleted_at)
VALUES ('Happy Olympia', 'happyolympia@gmail.com', 12345678910, '50.00',
        'Chill Family Owned Restaurant for Close Gatherings with Greek Food', 2, 3, (select current_timestamp),
        (select current_timestamp), null),
       ('Bistro Turquoise', 'bistro_turquoise@gmail.com', 987656453421, '110.00',
        'A classy restaurant and lounge with hookah and serving mediterranean cuisine', 3, 4,
        (select current_timestamp), (select current_timestamp), null),
       ('Zapiecek', 'bistro_turquoise@gmail.com', 5464352373, '40.00',
        'Modern polish national cuisine', 4, 5, (select current_timestamp), (select current_timestamp), null),
       ('Uki Uki', 'uki_uki@gmail.com', 5464352373, '80.00',
        'Asian fusion cuisine', 5, 8, (select current_timestamp), (select current_timestamp), null),
       ('Kurkuma', 'kurkuma@gmail.com', 5464352373, '30.00',
        'Sophisticated and subtlev with use of the many spices, vegetables, grains and fruits grown across India. ', 6,
        4, (select current_timestamp), (select current_timestamp), null);



insert into catering_item (name, type, description, serving_price, is_vegan, is_vegetarian, is_gluten_free, id_catering,
                           created_at, modified_at)
VALUES ('App 1', 'Appetizer', 'App 1 description', '10.00', false, true, true, 1, (select current_timestamp),
        (select current_timestamp)),
       ('App 2', 'Appetizer', 'App 2 description', '12.00', true, true, true, 1, (select current_timestamp),
        (select current_timestamp)),
       ('App 3', 'Appetizer', 'App 3 description', '8.00', false, false, false, 2, (select current_timestamp),
        (select current_timestamp)),
       ('App 4', 'Appetizer', 'App 4 description', '11.00', false, false, true, 2, (select current_timestamp),
        (select current_timestamp)),
       ('App 5', 'Appetizer', 'App 5 description', '9.00', false, true, false, 3, (select current_timestamp),
        (select current_timestamp)),
       ('App 6', 'Appetizer', 'App 6 description', '12.00', false, false, true, 4, (select current_timestamp),
        (select current_timestamp)),
       ('App 7', 'Appetizer', 'App 7 description', '13.00', true, true, true, 5, (select current_timestamp),
        (select current_timestamp)),
       ('Entree 1', 'Entree', 'Entree 1 description', '26.00', true, true, false, 1, (select current_timestamp),
        (select current_timestamp)),
       ('Entree 2', 'Entree', 'Entree 2 description', '32.00', false, true, true, 2, (select current_timestamp),
        (select current_timestamp)),
       ('Entree 3', 'Entree', 'Entree 3 description', '27.00', false, false, true, 3, (select current_timestamp),
        (select current_timestamp)),
       ('Entree 4', 'Entree', 'Entree 4 description', '30.00', false, false, true, 3, (select current_timestamp),
        (select current_timestamp)),
       ('Entree 5', 'Entree', 'Entree 5 description', '24.00', true, true, true, 4, (select current_timestamp),
        (select current_timestamp)),
       ('Entree 6', 'Entree', 'Entree 6 description', '29.00', false, true, true, 4, (select current_timestamp),
        (select current_timestamp)),
       ('Entree 7', 'Entree', 'Entree 7 description', '30.00', true, true, true, 5, (select current_timestamp),
        (select current_timestamp)),
       ('Salad 1', 'Salad', 'Salad 1 description', '10.00', true, true, true, 2, (select current_timestamp),
        (select current_timestamp)),
       ('Salad 2', 'Salad', 'Salad 2 description', '15.00', false, true, true, 3, (select current_timestamp),
        (select current_timestamp)),
       ('Salad 3', 'Salad', 'Salad 3 description', '13.00', false, true, true, 3, (select current_timestamp),
        (select current_timestamp)),
       ('Salad 4', 'Salad', 'Salad 4 description', '18.00', false, true, false, 4, (select current_timestamp),
        (select current_timestamp)),
       ('Salad 5', 'Salad', 'Salad 5 description', '18.00', false, false, false, 5, (select current_timestamp),
        (select current_timestamp)),
       ('Salad 6', 'Salad', 'Salad 6 description', '14.00', false, true, false, 5, (select current_timestamp),
        (select current_timestamp)),
       ('Soup 1', 'Soup', 'Soup 1 description', '10.00', true, true, true, 2, (select current_timestamp),
        (select current_timestamp)),
       ('Soup 2', 'Soup', 'Soup 2 description', '12.00', false, true, false, 3, (select current_timestamp),
        (select current_timestamp)),
       ('Soup 3', 'Soup', 'Soup 3 description', '15.00', false, false, false, 3, (select current_timestamp),
        (select current_timestamp)),
       ('Soup 4', 'Soup', 'Soup 4 description', '10.00', false, true, true, 4, (select current_timestamp),
        (select current_timestamp)),
       ('Soup 5', 'Soup', 'Soup 5 description', '13.00', false, true, false, 5, (select current_timestamp),
        (select current_timestamp)),
       ('Dessert 1', 'Dessert', 'Dessert 1 description', '13.00', true, true, true, 2, (select current_timestamp),
        (select current_timestamp)),
       ('Dessert 2', 'Dessert', 'Dessert 2 description', '11.00', false, true, false, 3, (select current_timestamp),
        (select current_timestamp)),
       ('Dessert 3', 'Dessert', 'Dessert 3 description', '14.00', true, true, true, 4, (select current_timestamp),
        (select current_timestamp)),
       ('Dessert 4', 'Dessert', 'Dessert 4 description', '15.00', true, true, true, 3, (select current_timestamp),
        (select current_timestamp)),
       ('Dessert 5', 'Dessert', 'Dessert 5 description', '10.00', false, true, true, 5, (select current_timestamp),
        (select current_timestamp)),
       ('Dessert 6', 'Dessert', 'Dessert 6 description', '8.00', false, false, true, 4, (select current_timestamp),
        (select current_timestamp)),
       ('Dessert 7', 'Dessert', 'Dessert 7 description', '12.00', true, true, true, 2, (select current_timestamp),
        (select current_timestamp));


insert into location (name, email, phone_number, seating_capacity, standing_capacity, description, daily_rent_cost,
                      size_in_sq_meters, id_business, id_location_address, created_at, modified_at, deleted_at)
VALUES ('Happy Olympia', 'happyolympia@gmail.com', 123456789, 40, 100,
        'Chill Family Owned Restaurant for Close Gatherings with Greek Food', 0.00, 200, 2, 1,
        (select current_timestamp), (select current_timestamp), null),
       ('Modern Art Gallery', 'gallery@gmail.com', 123456789, 500, 500, 'Fancy art gallery in the heart of the city ',
        '1000.00', 300, 3, 15,
        (select current_timestamp), (select current_timestamp), null),
       ('Downtown Community Center', 'comm_center@gmail.com', 123456789, 100, 150,
        'Community Center with a hall open for gatherings', '200.00', 400, 8, 3,
        (select current_timestamp), (select current_timestamp), null),
       ('One Tower', 'tower_business@gmail.com', 123456789, 200, 300,
        'Business Center located in the One Tower on the 35th floor', '200.00', 200, 7, 18,
        (select current_timestamp), (select current_timestamp), null),
       ('Party Time', 'party247@gmail.com', 123456789, 120, 250, 'A dance hall that stays open late at night',
        '500.00', 400, 6, 17,
        (select current_timestamp), (select current_timestamp), null),
       ('Bistro Turquoise', 'bistro_turquoise@gmail.com', 987654321, 32, 50,
        'A classy restaurant and lounge with hookah and serving mediterranean cuisine', '0.00', 250, 5, 2,
        (select current_timestamp), (select current_timestamp), null);


insert into catering_location (id_location, id_catering)
VALUES (1, 1),
       (1, 2),
       (1, 3),
       (1, 4),
       (1, 5),
       (2, 1),
       (2, 2),
       (2, 3),
       (2, 4),
       (2, 5),
       (3, 2),
       (3, 3),
       (3, 4),
       (3, 5),
       (3, 1),
       (4, 1),
       (4, 2),
       (4, 3),
       (4, 4),
       (4, 5),
       (5, 1),
       (5, 2),
       (5, 3),
       (5, 4),
       (5, 5),
       (6, 1),
       (6, 2),
       (6, 3),
       (6, 4),
       (6, 5);

insert into description_item(name, description)
VALUES ('Outside Catering Available', 'Catering from other outside locations is available'),
       ('Can Bring Own Food', 'It is possible to bring and consume your own food to the location'),
       ('Can Bring Own Alcohol', 'It is possible to bring and consume your own alcohol to the location'),
       ('Has Projector', 'A projector is available at the location'),
       ('Has Stage', 'A stage is available at the location'),
       ('Has WiFi', 'It is possible to connect to a wireless network at the location'),
       ('Wheelchair Accessible', 'No staircase. A ramp or elevator available at the location'),
       ('Has Patio', 'There is an outside patio accessible at the location'),
       ('Serves Food', 'it is possible to order meals at the location');


insert into location_description (id_location, name)
VALUES (1, 'Outside Catering Available'),
       (1, 'Has WiFi'),
       (1, 'Wheelchair Accessible'),
       (1, 'Serves Food'),
       (2, 'Can Bring Own Alcohol'),
       (2, 'Has Projector'),
       (2, 'Has WiFi'),
       (2, 'Outside Catering Available'),
       (3, 'Can Bring Own Food'),
       (3, 'Has Stage'),
       (3, 'Has WiFi'),
       (3, 'Wheelchair Accessible'),
       (3, 'Outside Catering Available'),
       (4, 'Has Projector'),
       (4, 'Has Stage'),
       (4, 'Has WiFi'),
       (4, 'Wheelchair Accessible'),
       (4, 'Outside Catering Available'),
       (5, 'Has Projector'),
       (5, 'Has WiFi'),
       (5, 'Has Stage'),
       (5, 'Has Patio'),
       (5, 'Serves Food'),
       (6, 'Has WiFi'),
       (6, 'Wheelchair Accessible'),
       (6, 'Has Patio'),
       (6, 'Serves Food');


INSERT INTO customer (id_customer_user, first_name, last_name, birthdate, phone_number)
VALUES (9, 'Lacy', 'Botsford', '1988-06-30', 123456789),
       (13, 'Tommie', 'Bechtelar', '1990-09-24', 123456789),
       (11, 'Delia', 'Koch', '1985-11-16', 123456789),
       (12, 'Tracey', 'Metz', '2000-03-16', 123456789),
       (10, 'Oma', 'Walter', '1975-11-08', 123456789);


INSERT INTO guest (first_name, last_name, email, id_customer, created_at, modified_at)
VALUES ('Else', 'Ryan', 'Ryan12@gmail.com', 9, (select current_timestamp), (select current_timestamp)),
       ('AWE', 'Ryan', 'Ryan12@gmail.com', 10, (select current_timestamp), (select current_timestamp)),
       ('Giovanny', 'Jast', 'Jast71@hotmail.com', 11, (select current_timestamp), (select current_timestamp)),
       ('Titus', 'Lemke', 'Lemke81@yahoo.com', 12, (select current_timestamp), (select current_timestamp)),
       ('Breanna', 'Goldner', 'Goldner00@hotmail.com', 13, (select current_timestamp), (select current_timestamp)),
       ('Joy', 'Schimmel', 'Schimmel14@gmail.com', 9, (select current_timestamp), (select current_timestamp));


insert into optional_service(alias, type, email, description, service_cost, id_business, created_at, modified_at,
                             deleted_at, kids_performer_type, age_from, age_to, instrument, people_count)
values ('alias1', 'SINGER', 'email@gmail.com', 'description1', '100.00', 8, (select current_timestamp),
        (select current_timestamp), null, null, null, null, null, null),
       ('alias2', 'DJ', 'email@gmail.com', 'description2', '200.00', 6, (select current_timestamp),
        (select current_timestamp), null, null, null, null, null, null),
       ('alias3', 'MUSIC BAND', 'email@gmail.com', 'description3', '300.00', 3, (select current_timestamp),
        (select current_timestamp), null, null, null, null, null, 4),
       ('alias4', 'INTERPRETER', 'email@gmail.com', 'description4', '400.00', 4, (select current_timestamp),
        (select current_timestamp), null, null, null, null, null, null),
       ('alia5', 'SINGER', 'email@gmail.com', 'description5', '250.00', 5, (select current_timestamp),
        (select current_timestamp), null, null, null, null, null, null),
       ('alias6', 'KIDS PERFORMER', 'email@gmail.com', 'description6', '160.00', 6, (select current_timestamp),
        (select current_timestamp), null, 'CLOWN', 5, 12, null, null),
       ('alias7', 'MUSICIAN', 'email@gmail.com', 'description7', '70.00', 7, (select current_timestamp),
        (select current_timestamp), null, null, null, null, 'GUITAR', null),
       ('alias8', 'MUSICIAN', 'email@gmail.com', 'description8', '180.00', 4, (select current_timestamp),
        (select current_timestamp), null, null, null, null, 'PIANO', null),
       ('alias9', 'HOST', 'email@gmail.com', 'description9', '290.00', 4, (select current_timestamp),
        (select current_timestamp), null, null, null, null, null, null),
       ('alias10', 'INTERPRETER', 'email@gmail.com', 'description10', '140.00', 4, (select current_timestamp),
        (select current_timestamp), null, null, null, null, null, null);

insert into translation_language(name)
VALUES ('SPANISH'),
       ('ENGLISH'),
       ('POLISH'),
       ('RUSSIAN'),
       ('GERMAN'),
       ('JAPANESE'),
       ('ASL');

insert into music_style(name)
values ('POP'),
       ('ROCK'),
       ('R''N''B'),
       ('TECHNO'),
       ('A CAPELLA'),
       ('PUNK'),
       ('JAZZ'),
       ('SOUL'),
       ('COVER'),
       ('ELECTRONIC');


insert into service_music_style (id_optional_service, id_music_style)
VALUES (1, 1),
       (1, 5),
       (1, 8),
       (8, 2),
       (8, 6),
       (3, 1),
       (3, 3),
       (5, 9),
       (7, 8),
       (7, 7),
       (2, 5),
       (2, 10);

insert into service_translator_language (id_optional_service, id_language)
VALUES (4, 7),
       (4, 2),
       (10, 1),
       (10, 5),
       (10, 7);


insert into service_review(title, comment, star_rating, id_optional_service, id_customer, created_at)
values ('title1', 'comment1', 5, 1, 9, (select current_timestamp)),
       ('title2', 'comment2', 5, 2, 10, (select current_timestamp)),
       ('title3', 'comment3', 5, 3, 11, (select current_timestamp)),
       ('title4', 'comment4', 5, 4, 12, (select current_timestamp)),
       ('title5', 'comment5', 5, 5, 13, (select current_timestamp)),
       ('title6', 'comment6', 5, 6, 9, (select current_timestamp)),
       ('title7', 'comment7', 5, 7, 10, (select current_timestamp)),
       ('title8', 'comment8', 5, 8, 11, (select current_timestamp)),
       ('title9', 'comment9', 5, 9, 12, (select current_timestamp)),
       ('title10', 'comment10', 4, 10, 13, (select current_timestamp));


insert into catering_review(title, comment, id_customer, id_catering, star_rating, created_at)
values ('title1', 'comment1', 9, 1, 1, (select current_timestamp)),
       ('title2', 'comment2', 10, 2, 2, (select current_timestamp)),
       ('title3', 'comment3', 11, 3, 3, (select current_timestamp)),
       ('title4', 'comment4', 12, 4, 4, (select current_timestamp)),
       ('title5', 'comment5', 13, 5, 5, (select current_timestamp)),
       ('title6', 'comment6', 9, 1, 4, (select current_timestamp)),
       ('title7', 'comment7', 10, 2, 5, (select current_timestamp)),
       ('title8', 'comment8', 11, 3, 5, (select current_timestamp)),
       ('title9', 'comment9', 12, 4, 4, (select current_timestamp)),
       ('title10', 'comment10', 13, 5, 2, (select current_timestamp));


INSERT INTO location_review (title, comment, id_location, id_customer, created_at, star_rating)
VALUES ('False advertisement', 'Location was alright but it simply was not as big as advertised.', 1, 9,
        (select current_timestamp), 5),
       ('Great place!', 'I cannot recommend it enough. I love it, will come again.', 2, 10, (select current_timestamp),
        5),
       ('Horrible shack.', 'Location was alright but not fit to my tastes.', 3, 11, (select current_timestamp), 5),
       ('It was so-so', 'It was ok, but not great.', 4, 12, (select current_timestamp), 5),
       ('Just perfect.', 'Clean, spacious and with great customer service. You will not be dissapointed!', 5, 13,
        (select current_timestamp), 5);


INSERT INTO event_type (type)
VALUES ('WEDDING'),
       ('CONFERENCE'),
       ('SEMINAR'),
       ('BIRTHDAY'),
       ('FAMILY_CELEBRATION'),
       ('PARTY'),
       ('OTHER');

INSERT INTO organized_event (event_date, start_time, end_time, event_status, id_customer, id_event_type, created_at,
                             modified_at, deleted_at, name, guest_count)
VALUES ('2021-03-23', '15:00:00', '20:00:00', 'READY', 9, 1, (select current_timestamp), (select current_timestamp),
        null,
        'CELEBRATION', 10),
       ('2021-03-29', '15:00:00', '20:00:00', 'IN_PLANNING', 10, 3, (select current_timestamp),
        (select current_timestamp), null,
        'CELEBRATION', 10),
       ('2021-04-30', '15:00:00', '20:00:00', 'IN_PLANNING', 11, 5, (select current_timestamp),
        (select current_timestamp), null,
        'CELEBRATION', 10),
       ('2021-05-05', '15:00:00', '20:00:00', 'FINISHED', 12, 2, (select current_timestamp), (select current_timestamp),
        null,
        'CELEBRATION', 10),
       ('2021-05-01', '15:00:00', '20:00:00', 'FINISHED', 13, 5, (select current_timestamp), (select current_timestamp),
        null,
        'CELEBRATION', 10);


insert into location_for_event(time_from, time_to, id_organized_event, id_location, guests, confirmation_status)
values ('10:00:00', '21:59:59', 1, 1, 10, 'CONFIRMED'),
       ('10:00:00', '21:59:59', 2, 2, 10, 'CONFIRMED'),
       ('10:00:00', '21:59:59', 3, 3, 10, 'CONFIRMED'),
       ('10:00:00', '21:59:59', 4, 3, 10, 'CONFIRMED'),
       ('10:00:00', '21:59:59', 5, 4, 10, 'CONFIRMED'),
       ('10:00:00', '21:59:59', 1, 5, 10, 'CONFIRMED'),
       ('10:00:00', '21:59:59', 2, 2, 10, 'CONFIRMED'),
       ('10:00:00', '21:59:59', 3, 1, 10, 'CONFIRMED'),
       ('10:00:00', '21:59:59', 4, 3, 10, 'CONFIRMED'),
       ('10:00:00', '21:59:59', 5, 4, 10, 'CONFIRMED');


insert into service_for_event(time_from, time_to, comment, id_optional_service, id_location_for_event)
values ('2021-09-01 12:00:00', '2021-09-01 12:00:00', 'comment1', 1, 1),
       ('2021-09-02 12:00:00', '2021-09-02 12:00:00', 'comment2', 2, 2),
       ('2021-09-03 12:00:00', '2021-09-03 12:00:00', 'comment3', 3, 3),
       ('2021-09-04 12:00:00', '2021-09-04 12:00:00', 'comment4', 4, 4),
       ('2021-09-05 12:00:00', '2021-09-05 12:00:00', 'comment5', 5, 5),
       ('2021-09-06 12:00:00', '2021-09-06 12:00:00', 'comment6', 6, 7),
       ('2021-09-07 12:00:00', '2021-09-07 12:00:00', 'comment7', 7, 8),
       ('2021-09-08 12:00:00', '2021-09-08 12:00:00', 'comment8', 8, 9),
       ('2021-09-09 12:00:00', '2021-09-09 12:00:00', 'comment9', 9, 1),
       ('2021-09-10 12:00:00', '2021-09-10 12:00:00', 'comment10', 10, 10);


insert into catering_for_chosen_location (order_date, order_time, id_catering, id_location_for_event, comment,
                                          confirmation_status)
VALUES ('2021-09-01', '12:00:00', 4, 4, 'comment', 'CONFIRMED');

insert into catering_order_choice (id_catering_item, count, id_catering_for_chosen_location)
VALUES (5, 3, 1),
       (6, 3, 1);


create table location_availability
(
    id_availability serial      NOT NULL,
    date            timestamp   NOT NULL,
    time_from       timestamp   NOT NULL,
    time_to         timestamp   NOT NULL,
    status          varchar(30) not null,
    id_location     int         NOT NULL,
    CONSTRAINT location_availability_pk PRIMARY KEY (id_availability)
);

-- Reference: location_location_availability (table: location_availability)
ALTER TABLE location_availability
    ADD CONSTRAINT location_location_availability
        FOREIGN KEY (id_location)
            REFERENCES location (id_location)
            NOT DEFERRABLE
                INITIALLY IMMEDIATE
;

create table catering_availability
(
    id_availability serial      NOT NULL,
    status          varchar(30) NOT NULL,
    date            timestamp   NOT NULL,
    time_from       timestamp   NOT NULL,
    time_to         timestamp   NOT NULL,
    id_catering     int         NOT NULL,
    CONSTRAINT catering_availability_pk PRIMARY KEY (id_availability)
);

-- Reference: catering_catering_availability (table: catering_availability)
ALTER TABLE catering_availability
    ADD CONSTRAINT catering_catering_availability
        FOREIGN KEY (id_catering)
            REFERENCES catering (id_catering)
            NOT DEFERRABLE
                INITIALLY IMMEDIATE
;


create table optional_service_availability
(
    id_availability     serial      NOT NULL,
    status              varchar(30) NOT NULL,
    date                timestamp   NOT NULL,
    time_from           timestamp   NOT NULL,
    time_to             timestamp   NOT NULL,
    id_optional_service int         NOT NULL,
    CONSTRAINT optional_service_availability_pk PRIMARY KEY (id_availability)
);

-- Reference: catering_catering_availability (table: catering_availability)
ALTER TABLE optional_service_availability
    ADD CONSTRAINT optional_service_optional_service_availability
        FOREIGN KEY (id_optional_service)
            REFERENCES optional_service (id_optional_service)
            NOT DEFERRABLE
                INITIALLY IMMEDIATE
;

-- Table: catering_cuisine
CREATE TABLE catering_cuisine
(
    id_catering int NOT NULL,
    id_cuisine  int NOT NULL,
    CONSTRAINT catering_cuisine_pk PRIMARY KEY (id_catering, id_cuisine)
);

-- Table: cuisine
CREATE TABLE cuisine
(
    id_cuisine serial      NOT NULL,
    name       varchar(50) NOT NULL,
    CONSTRAINT cuisine_pk PRIMARY KEY (id_cuisine)
);

-- foreign keys
-- Reference: catering_cuisine_catering (table: catering_cuisine)
ALTER TABLE catering_cuisine
    ADD CONSTRAINT catering_cuisine_catering
        FOREIGN KEY (id_catering)
            REFERENCES catering (id_catering)
            NOT DEFERRABLE
                INITIALLY IMMEDIATE
;

insert into cuisine (name)
VALUES ('Mexican'),
       ('Italian'),
       ('Greek'),
       ('French'),
       ('Thai'),
       ('Spanish'),
       ('Indian'),
       ('Mediterranean'),
       ('Polish'),
       ('Russian'),
       ('Vietnamese'),
       ('Japanese'),
       ('Chinese'),
       ('Vegan'),
       ('Fusion'),
       ('Vegetarian'),
       ('Turkish');

insert into catering_cuisine (id_catering, id_cuisine)
VALUES (1, 3),
       (1, 16),
       (1, 6),
       (2, 4),
       (2, 1),
       (2, 2),
       (3, 17),
       (3, 14),
       (3, 10),
       (4, 9),
       (4, 11),
       (5, 15),
       (5, 1),
       (5, 7);


CREATE TABLE customer_avatar
(
    id_avatar serial NOT NULL,
    image     bytea  NOT NULL,
    CONSTRAINT customer_avatar_pk PRIMARY KEY (id_avatar)
);

alter table customer
    add id_avatar int default null;

-- Reference: user_user_avatar (table: user)
ALTER TABLE customer
    ADD CONSTRAINT user_user_avatar
        FOREIGN KEY (id_avatar)
            REFERENCES customer_avatar (id_avatar)
            NOT DEFERRABLE
                INITIALLY IMMEDIATE
;